text,label
Government announces new education policy to improve digital learning,REAL
Scientists publish peer reviewed study on climate change trends,REAL
Local hospital opens new emergency care unit for residents,REAL
Election commission releases official voter registration schedule,REAL
University announces scholarship program for engineering students,REAL
NASA reports successful launch of scientific research satellite,REAL
Central bank keeps interest rates unchanged after policy meeting,REAL
Researchers develop battery technology with improved energy density,REAL
City administration launches new public transport service,REAL
Health ministry releases updated vaccination guidelines,REAL
Court issues ruling after hearing arguments from both sides,REAL
Company reports quarterly revenue in its official financial filing,REAL
Meteorological department predicts heavy rainfall across several districts,REAL
Police confirm investigation into overnight warehouse fire,REAL
Government portal launches online service for passport applications,REAL
University team wins national robotics competition,REAL
Doctors recommend regular exercise and balanced nutrition for healthy adults,REAL
Railway department announces timetable changes for selected trains,REAL
Researchers identify a new method for detecting water contamination,REAL
Technology company releases security update for its mobile application,REAL
Doctors discover secret fruit that cures every disease overnight,FAKE
Government will give every citizen one crore rupees tomorrow,FAKE
Scientists prove that drinking cola makes humans invisible,FAKE
NASA confirms the moon will disappear for three days next week,FAKE
Eating only chocolate can permanently replace sleep,FAKE
A viral post claims phones can charge themselves using moonlight,FAKE
Celebrity reveals that a common vegetable can make people live forever,FAKE
Scientists say humans can survive without water if they listen to music,FAKE
Internet post claims magnets can increase WiFi speed by ten times,FAKE
New miracle tablet reportedly makes anyone fluent in every language instantly,FAKE
Social media users claim the sun will turn blue tomorrow,FAKE
Viral message says putting a phone in rice creates unlimited battery power,FAKE
Anonymous source claims all exams have been permanently cancelled nationwide,FAKE
Post claims one spoon of salt can replace eight hours of sleep,FAKE
Online rumor says airports will close worldwide for one month,FAKE
Viral article claims scientists created a machine that predicts lottery numbers,FAKE
Social media post says drinking hot water can instantly cure every infection,FAKE
Unverified message claims a famous actor has secretly become prime minister,FAKE
Internet rumor says computers can work forever without electricity,FAKE
Viral claim says a new app can read anyone's thoughts through the camera,FAKE
